sex,height,weight,attend,exam,hw,pass
2,148,70,8,98,7,1
1,187,54,1,52,99,1
2,196,53,2,1,54,1
2,192,60,5,42,93,1
2,158,42,3,45,47,1
2,145,54,5,78,72,0
1,145,77,9,16,23,1
1,145,43,1,52,73,1
2,190,91,7,13,33,1
2,159,65,5,94,2,1
2,143,65,9,71,56,1
2,181,97,1,49,13,1
1,184,32,5,22,43,1
1,146,30,3,37,33,1
1,165,94,5,4,74,1
1,187,81,1,58,15,1
2,187,80,1,78,28,1
1,195,74,6,97,63,0
1,180,31,9,12,80,1
2,174,48,9,55,30,1
2,149,72,9,10,54,1
2,171,76,10,50,53,1
1,156,90,7,20,97,1
2,192,37,9,44,3,1
1,154,82,10,43,16,1
1,167,90,7,34,91,1
2,176,34,1,57,38,1
2,168,41,10,24,68,1
1,195,89,5,56,43,1
2,181,61,2,42,48,1
1,151,67,7,39,6,1
2,157,84,10,83,51,1
1,145,68,3,69,73,0
1,168,67,2,1,100,1
2,195,72,3,68,95,0
1,177,80,1,52,90,1
2,177,72,9,2,79,1
1,179,73,3,33,26,1
2,184,95,7,63,58,1
2,178,60,1,69,50,1
2,173,73,7,3,72,1
2,183,91,5,56,46,1
1,158,31,8,45,1,1
1,184,93,1,53,57,1
1,193,65,9,98,72,0
2,150,37,3,19,42,1
2,152,74,1,12,30,1
1,145,36,8,64,95,0
2,156,100,3,38,79,1
2,157,99,9,89,18,1
2,179,38,1,49,27,1
1,174,77,1,16,76,1
2,151,30,7,7,65,1
2,170,34,8,21,92,1
1,164,32,9,74,39,1
1,143,78,3,20,2,1
2,162,44,9,90,13,1
1,184,52,2,30,47,1
2,200,96,2,29,87,1
2,158,94,8,75,58,1
2,155,86,9,16,71,1
1,155,41,8,24,98,1
1,199,89,2,60,35,1
2,179,44,8,73,82,0
2,198,46,4,19,67,1
1,151,56,1,72,90,0
1,159,56,3,64,66,0
2,176,41,10,7,45,1
1,149,69,1,99,42,1
2,155,80,7,36,54,1
1,156,32,6,18,78,1
1,150,75,4,66,95,0
2,165,77,4,31,30,1
2,191,66,3,17,44,1
2,174,71,10,85,25,1
1,143,32,7,90,90,0
1,168,79,6,64,65,0
1,172,36,4,70,19,1
2,185,77,6,10,80,1
2,194,73,2,16,39,1
2,142,59,4,85,22,1
2,182,59,2,9,50,1
1,176,71,1,46,28,1
1,194,91,10,3,9,1
2,151,56,9,86,34,1
1,147,95,4,20,25,1
2,173,86,5,4,38,1
1,140,82,5,24,63,1
2,200,40,8,98,96,0
1,192,76,6,7,69,1
1,166,61,7,100,8,1
1,167,60,1,44,94,1
1,172,37,8,50,57,1
1,189,84,5,69,9,1
1,166,46,1,62,31,1
1,191,68,7,87,56,1
1,150,74,1,73,72,0
1,170,85,10,36,70,1
2,150,34,9,71,14,1
2,188,36,8,18,10,1
1,153,91,4,10,18,1
2,170,79,4,26,14,1
1,171,64,8,41,89,1
1,172,61,8,21,30,1
1,148,56,1,75,14,1
1,160,78,2,58,11,1
2,169,96,7,94,89,0
2,168,78,4,10,94,1
2,189,40,10,83,89,0
1,184,45,6,45,83,1
2,152,98,6,34,90,1
1,190,84,6,61,33,1
1,185,76,3,74,2,1
1,159,76,7,49,79,1
1,141,32,1,27,44,1
2,162,43,9,28,38,1
2,175,68,4,35,65,1
1,153,70,5,40,68,1
1,161,84,2,93,77,0
2,189,44,9,89,27,1
1,174,48,6,98,63,0
2,155,48,8,19,76,1
2,157,79,4,42,60,1
2,193,35,10,9,20,1
1,178,82,10,50,33,1
1,196,47,10,70,4,1
1,159,91,5,12,56,1
2,169,48,3,98,4,1
1,172,58,9,60,3,1
2,183,48,10,51,42,1
2,161,63,8,72,44,1
2,150,52,10,96,54,1
1,188,75,7,41,94,1
2,172,79,10,10,37,1
2,193,74,3,61,26,1
2,151,91,2,87,10,1
1,146,38,2,67,90,0
2,194,50,2,43,89,1
2,176,52,6,44,9,1
1,174,48,4,18,94,1
1,191,92,10,19,29,1
1,176,35,2,10,12,1
1,170,31,10,76,92,0
2,188,53,5,1,82,1
2,190,83,7,47,37,1
1,148,75,2,59,34,1
1,142,76,3,35,61,1
1,166,72,8,12,18,1
1,191,34,7,29,95,1
1,192,78,3,79,30,1
2,165,32,6,63,90,0
1,166,77,6,88,3,1
2,166,90,6,39,86,1
2,177,89,9,77,15,1
1,154,65,7,72,22,1
1,157,81,8,96,80,0
2,146,64,7,89,17,1
1,156,79,2,10,38,1
2,155,80,10,97,96,0
2,195,63,6,15,94,1
1,169,41,6,34,96,1
2,171,73,10,5,31,1
2,169,87,2,51,1,1
2,155,89,6,45,53,1
1,199,82,10,81,26,1
1,174,99,5,16,16,1
2,177,87,9,80,26,1
1,166,72,2,23,88,1
1,161,85,10,100,60,0
2,184,52,10,64,81,0
2,171,96,4,83,76,0
1,176,68,5,60,85,0
1,196,82,10,34,20,1
2,173,40,2,40,65,1
1,157,95,8,25,58,1
1,181,91,2,45,18,1
2,158,33,7,45,65,1
1,162,80,1,41,18,1
2,162,81,1,97,13,1
1,174,97,1,75,66,0
1,180,72,8,2,35,1
2,144,88,9,36,52,1
2,157,78,1,48,38,1
1,157,79,8,53,14,1
1,157,82,4,15,65,1
1,168,39,2,10,24,1
2,180,99,3,42,74,1
2,183,77,6,57,38,1
2,186,77,6,10,66,1
1,179,61,7,64,93,0
2,183,55,9,80,68,0
1,141,56,8,43,16,1
2,191,30,5,29,27,1
1,199,88,3,61,51,1
1,151,50,1,19,55,1
2,157,80,7,76,12,1
2,174,81,7,76,76,0
1,175,51,7,73,36,1
2,165,87,8,9,12,1
2,170,77,1,50,47,1
1,173,84,8,100,50,1
1,157,61,1,89,93,0
1,186,79,4,31,54,1
2,162,54,4,48,87,1
1,141,52,9,40,47,1
2,171,33,7,51,57,1
1,147,90,10,14,31,1
1,188,90,9,91,10,1
2,197,96,3,81,32,1
2,167,51,5,72,87,0
2,166,80,5,62,78,0
1,186,61,10,56,10,1
2,173,85,4,48,29,1
1,169,95,1,45,77,1
1,177,50,3,47,27,1
2,156,51,9,83,42,1
2,153,95,4,70,40,1
1,162,77,9,38,40,1
1,183,48,9,64,53,1
1,146,66,9,75,76,0
1,176,73,3,79,55,1
1,143,43,6,32,22,1
1,184,78,10,1,38,1
1,165,46,10,33,23,1
1,147,55,2,25,16,1
1,148,77,1,74,88,0
2,171,33,5,55,31,1
1,171,81,8,92,40,1
1,168,89,1,60,65,0
2,186,64,10,73,86,0
1,188,71,6,69,17,1
1,152,50,2,30,17,1
2,155,93,6,3,41,1
1,154,78,4,96,79,0
2,189,57,1,81,57,1
2,180,53,9,55,62,1
1,151,32,6,30,17,1
1,200,55,3,85,68,0
1,140,35,1,88,41,1
2,142,73,1,41,59,1
2,152,77,8,73,54,1
2,180,50,4,43,100,1
1,198,52,2,10,4,1
1,148,82,9,40,74,1
1,159,83,3,94,93,0
2,173,34,9,24,23,1
1,162,82,9,91,96,0
1,189,61,3,58,99,1
1,177,70,2,4,60,1
2,189,66,2,69,23,1
2,164,85,5,60,68,0
1,181,90,3,79,8,1
2,200,94,4,50,42,1
1,182,57,10,22,71,1
1,180,44,10,34,31,1
2,196,45,4,20,38,1
1,152,53,1,9,22,1
2,174,46,9,79,65,0
2,190,64,5,54,15,1
1,152,87,9,45,19,1
2,187,66,5,43,97,1
2,163,70,6,48,13,1
2,157,93,8,46,62,1
1,142,50,8,51,84,1
1,187,48,2,30,67,1
2,147,55,9,86,31,1
1,184,54,1,24,6,1
2,158,66,1,68,78,0
1,158,78,1,80,44,1
1,182,87,5,21,30,1
2,190,99,1,29,25,1
1,173,44,6,29,12,1
1,191,83,3,43,81,1
1,166,49,4,11,90,1
2,159,86,5,17,6,1
2,155,65,10,55,99,1
1,180,79,7,100,64,0
1,188,96,4,42,54,1
2,191,72,4,44,2,1
1,155,64,8,3,60,1
2,189,94,5,53,97,1
1,155,55,1,72,68,0
1,191,87,1,5,57,1
1,173,94,6,85,5,1
2,144,91,9,29,20,1
2,188,82,8,47,1,1
1,162,39,3,55,100,1
2,165,60,6,27,24,1
1,172,30,4,19,27,1
1,194,91,8,63,68,0
2,166,30,5,44,4,1
1,152,45,1,14,46,1
2,188,43,9,70,31,1
1,200,54,8,77,76,0
1,156,88,10,56,61,1
1,161,44,3,31,93,1
2,167,49,1,27,1,1
1,154,87,9,19,46,1
2,186,57,7,52,62,1
1,156,36,5,20,56,1
1,165,82,10,19,6,1
1,176,62,4,55,4,1
1,187,48,3,89,80,0
1,185,97,8,77,62,0
2,185,32,10,88,66,0
1,174,39,7,66,6,1
2,189,81,5,91,20,1
2,152,39,10,89,1,1
1,193,45,6,10,56,1
1,148,78,1,40,17,1
2,142,32,1,59,98,1
2,140,43,1,77,25,1
1,175,73,8,39,36,1
2,199,47,6,87,78,0
1,158,98,1,53,6,1
1,190,87,2,74,40,1
1,168,88,10,44,40,1
2,172,67,10,75,71,0
2,176,42,6,90,95,0
1,159,46,8,58,32,1
1,163,76,4,96,23,1
2,191,41,4,8,84,1
2,156,91,1,13,26,1
1,165,82,9,4,73,1
2,178,52,1,32,78,1
2,194,91,5,8,53,1
2,187,85,5,33,26,1
2,159,57,10,12,97,1
2,177,82,6,73,2,1
1,164,88,5,2,81,1
2,192,73,3,66,46,1
1,147,42,3,4,68,1
2,147,32,8,34,42,1
2,148,77,1,88,14,1
1,196,71,5,34,72,1
2,148,94,3,18,66,1
2,169,44,2,79,33,1
2,153,43,2,74,24,1
2,200,89,2,98,7,1
1,190,87,10,89,38,1
2,166,68,10,39,22,1
1,160,78,1,64,85,0
2,185,63,5,57,44,1
1,157,58,10,97,92,0
1,190,30,2,75,2,1
2,175,30,3,10,56,1
1,149,90,4,5,87,1
2,191,37,5,35,39,1
1,141,66,8,99,75,0
2,189,78,9,8,67,1
1,176,71,3,65,34,1
1,170,48,10,82,20,1
1,169,67,9,25,9,1
2,184,48,6,73,73,0
1,153,92,8,52,5,1
1,158,92,9,17,61,1
1,193,56,5,20,92,1
2,150,34,6,55,20,1
1,192,83,10,20,73,1
2,153,56,4,28,17,1
2,144,80,5,61,39,1
2,182,49,1,91,19,1
2,168,91,7,7,39,1
2,198,96,1,12,86,1
1,190,72,2,58,35,1
2,163,78,3,36,42,1
2,158,31,5,47,83,1
1,164,77,7,90,97,0
2,174,31,10,28,56,1
2,197,44,4,71,24,1
1,155,100,6,61,89,0
2,198,57,8,32,70,1
1,178,72,3,1,32,1
1,158,94,6,98,36,1
1,145,57,2,3,10,1
1,156,76,6,19,19,1
1,149,50,3,44,46,1
1,145,63,6,47,36,1
2,167,70,5,79,85,0
1,198,81,6,49,14,1
2,144,60,8,98,79,0
1,191,62,3,58,50,1
1,157,83,2,31,70,1
2,162,96,10,90,81,0
2,145,54,1,59,67,1
2,155,36,7,94,46,1
2,155,37,2,41,47,1
1,173,37,5,81,74,0
1,188,41,1,39,42,1
1,198,32,9,17,100,1
2,192,65,7,74,53,1
2,147,63,8,54,63,1
1,193,78,1,70,79,0
2,172,96,8,37,68,1
2,198,63,2,54,83,1
1,183,45,8,76,39,1
1,147,84,3,41,74,1
2,177,79,4,46,31,1
2,145,81,4,56,7,1
1,147,74,5,41,36,1
1,154,73,4,45,94,1
2,175,54,7,62,48,1
1,189,65,7,22,52,1
2,182,86,5,28,18,1
1,151,55,2,69,19,1
1,152,100,9,46,9,1
2,189,77,10,16,50,1
1,185,51,8,19,70,1
1,198,37,3,76,9,1
2,153,57,5,55,43,1
1,197,93,4,50,55,1
1,166,44,9,92,77,0
1,192,45,8,87,44,1
1,184,36,2,20,77,1
2,156,61,3,82,98,0
2,160,32,7,57,42,1
2,176,95,3,74,6,1
2,169,77,2,34,35,1
2,192,63,3,75,68,0
2,170,99,5,5,95,1
2,169,66,9,49,27,1
2,175,59,8,52,5,1
2,173,67,2,33,5,1
2,196,55,5,100,79,0
2,174,49,9,88,15,1
1,181,76,9,65,63,0
1,141,69,7,98,13,1
2,181,37,1,3,72,1
1,150,82,1,36,81,1
1,149,67,1,11,77,1
2,155,32,7,17,28,1
2,165,62,7,95,21,1
2,150,48,9,4,71,1
1,142,78,8,28,21,1
2,200,52,10,30,11,1
2,149,82,4,70,28,1
1,168,79,4,15,95,1
2,164,88,9,93,15,1
2,169,62,3,3,78,1
2,179,40,1,38,50,1
1,157,95,9,32,40,1
2,187,44,6,15,93,1
1,159,55,3,85,82,0
2,152,30,3,22,98,1
2,199,60,4,75,76,0
2,158,56,7,73,95,0
1,143,36,4,77,91,0
2,142,70,7,90,42,1
2,170,82,6,87,79,0
2,189,36,2,43,100,1
2,196,58,2,40,63,1
1,182,80,8,32,99,1
1,160,58,9,80,40,1
1,179,77,4,30,97,1
1,158,35,6,91,32,1
1,144,100,8,11,42,1
1,183,70,9,17,6,1
1,143,51,7,53,29,1
2,158,69,1,51,88,1
2,160,50,3,77,21,1
2,167,33,3,18,64,1
1,166,34,8,23,19,1
2,170,82,3,53,26,1
1,183,86,7,20,86,1
1,149,90,4,48,43,1
1,186,82,1,4,49,1
2,162,93,3,19,35,1
2,163,68,2,28,69,1
1,195,78,10,2,56,1
2,151,65,10,14,37,1
2,158,66,7,36,53,1
2,172,64,1,54,21,1
1,176,99,2,41,18,1
2,193,31,1,27,58,1
1,177,42,4,35,11,1
1,148,77,9,33,63,1
2,179,82,9,9,7,1
1,175,56,10,12,75,1
2,144,99,3,62,43,1
2,165,87,5,49,79,1
2,166,38,6,24,89,1
2,171,78,6,14,2,1
1,149,85,3,56,60,1
2,175,90,2,35,96,1
2,149,49,9,87,69,0
2,200,96,8,84,34,1
2,153,96,2,29,100,1
2,184,83,7,94,5,1
1,179,98,3,45,69,1
2,154,59,3,1,2,1
1,176,75,6,17,71,1
2,163,43,3,19,79,1
2,183,40,3,41,58,1
2,142,100,4,88,69,0
2,153,31,9,79,19,1
2,149,64,6,40,2,1
1,160,90,3,30,31,1
1,187,46,1,86,91,0
1,160,76,4,28,19,1
1,178,71,4,53,55,1
1,192,31,8,13,46,1
1,199,40,3,18,52,1
1,140,30,1,89,71,0
1,149,75,7,21,44,1
2,152,64,7,49,25,1
1,185,35,6,40,83,1
2,200,87,2,34,77,1
1,160,50,2,89,59,1
2,158,42,10,3,49,1
2,147,65,6,22,9,1
2,169,80,6,76,62,0
2,165,45,2,80,27,1
1,178,38,9,80,74,0
2,165,39,8,40,95,1
1,154,73,10,97,16,1
1,184,72,8,1,88,1
1,161,51,8,19,54,1
2,160,45,3,58,66,1
1,176,42,10,33,34,1
2,186,41,2,27,13,1
1,196,62,5,10,8,1
2,152,55,10,73,61,0
2,168,45,1,91,73,0
1,146,35,6,60,35,1
1,193,56,2,29,20,1
2,171,38,7,28,99,1
1,196,55,4,88,91,0
1,168,50,10,2,30,1
1,144,82,1,12,8,1
2,178,42,4,87,21,1
2,184,96,6,4,34,1
1,193,85,6,6,42,1
1,189,42,9,49,56,1
2,143,89,6,62,52,1
2,162,70,10,74,20,1
2,196,56,3,29,1,1
1,192,39,6,59,77,1
2,178,81,5,29,99,1
1,176,90,6,82,91,0
1,169,69,9,63,58,1
1,177,84,4,6,6,1
1,144,66,10,59,12,1
1,165,41,3,58,58,1
1,150,41,1,48,15,1
2,180,94,2,81,76,0
1,164,65,9,34,77,1
1,190,95,8,95,5,1
2,182,97,4,98,93,0
1,199,68,4,76,17,1
2,153,41,3,10,78,1
2,199,99,5,92,25,1
1,145,47,3,64,40,1
1,180,92,8,76,86,0
1,141,82,3,20,62,1
2,151,75,2,31,7,1
1,165,85,4,39,8,1
1,177,57,6,18,59,1
2,143,32,9,53,27,1
1,163,36,4,20,6,1
2,200,31,9,50,62,1
1,172,45,2,60,78,0
1,173,58,9,86,71,0
2,163,95,3,75,99,0
1,189,85,9,22,50,1
2,164,73,9,22,31,1
2,169,71,7,72,39,1
2,158,31,2,100,60,0
2,156,43,3,27,4,1
1,197,87,7,30,30,1
1,193,31,5,54,84,1
2,195,54,8,20,73,1
1,194,69,5,93,3,1
2,180,33,1,93,31,1
1,149,94,8,23,69,1
2,158,47,5,47,36,1
1,170,58,2,54,52,1
2,170,93,4,42,88,1
2,159,95,3,90,4,1
1,166,60,9,82,33,1
2,187,41,8,67,73,0
2,198,71,2,91,94,0
2,174,44,4,82,9,1
2,189,91,3,36,3,1
2,198,44,7,63,43,1
1,197,86,2,11,33,1
1,140,94,7,80,7,1
1,178,85,1,25,91,1
2,163,91,9,98,98,0
2,158,33,2,31,48,1
2,174,85,5,53,2,1
1,159,66,4,21,38,1
2,155,83,5,86,79,0
2,196,47,6,87,63,0
2,147,33,4,60,60,0
2,194,46,4,71,2,1
1,152,51,4,83,69,0
2,177,84,2,84,63,0
2,143,86,10,90,86,0
2,173,74,4,81,80,0
2,143,84,9,88,1,1
2,180,58,7,52,2,1
2,194,59,6,55,54,1
1,155,77,5,28,13,1
2,166,37,1,60,30,1
2,200,62,8,11,72,1
2,171,46,7,84,46,1
1,170,65,2,3,31,1
1,182,63,10,41,94,1
2,198,46,3,54,80,1
2,145,83,4,58,30,1
1,166,100,7,84,78,0
1,200,85,3,29,58,1
2,194,66,1,70,34,1
1,144,30,3,96,47,1
2,198,47,3,20,25,1
2,140,96,10,48,70,1
2,192,33,9,90,32,1
2,141,30,4,99,79,0
2,181,88,6,11,51,1
1,197,54,1,35,100,1
2,153,41,9,52,65,1
2,153,74,2,7,74,1
1,191,56,4,68,5,1
1,179,95,1,28,13,1
2,191,46,5,23,19,1
1,195,50,4,35,44,1
1,176,64,8,47,44,1
1,156,83,3,55,59,1
1,151,74,5,57,17,1
2,176,98,10,64,32,1
1,191,48,4,33,62,1
1,185,71,9,76,41,1
2,140,77,1,86,80,0
1,170,35,9,57,46,1
2,170,71,2,79,40,1
2,184,59,3,82,94,0
1,183,74,5,12,3,1
2,161,56,3,88,23,1
1,180,77,7,90,38,1
1,199,69,2,74,21,1
1,199,72,5,5,11,1
1,152,85,5,60,4,1
1,147,98,7,36,82,1
2,195,72,6,25,96,1
2,141,75,5,28,18,1
2,157,54,10,15,42,1
2,178,68,5,26,18,1
2,184,82,1,94,63,0
1,190,40,4,83,13,1
2,147,95,3,18,65,1
2,176,45,8,75,36,1
2,173,33,1,26,1,1
2,200,93,5,3,37,1
2,180,52,6,66,71,0
1,148,71,8,95,66,0
2,186,46,8,30,24,1
1,188,39,8,27,25,1
1,184,43,8,43,98,1
2,184,76,6,66,33,1
1,187,71,2,86,28,1
2,158,56,1,35,4,1
2,199,49,5,35,63,1
1,169,99,6,69,19,1
2,162,41,9,84,9,1
2,176,34,6,7,5,1
2,167,52,7,63,50,1
1,154,59,3,83,83,0
1,169,51,7,78,47,1
2,185,79,9,94,81,0
2,183,38,9,41,40,1
2,169,66,7,20,10,1
1,150,32,1,86,29,1
2,143,37,1,99,40,1
1,164,88,1,75,50,1
2,172,49,5,6,34,1
1,159,79,5,88,4,1
1,199,88,8,41,18,1
2,200,86,4,97,93,0
2,180,49,10,3,25,1
1,188,91,9,67,52,1
2,197,98,4,97,11,1
1,172,98,4,3,91,1
1,192,43,6,19,59,1
2,156,42,4,81,48,1
1,186,89,7,23,50,1
2,192,58,4,56,77,1
2,181,41,3,49,13,1
1,154,48,9,78,40,1
1,189,50,10,88,63,0
1,163,78,9,47,85,1
1,165,68,8,24,87,1
2,164,40,9,93,33,1
1,153,52,6,4,15,1
2,188,78,5,13,17,1
2,177,86,1,93,55,1
1,182,75,10,19,37,1
2,149,36,9,94,79,0
1,169,49,7,3,13,1
2,142,32,4,17,51,1
2,187,91,6,65,57,1
1,173,46,5,8,75,1
1,198,54,4,70,21,1
1,188,58,4,79,71,0
1,175,44,6,61,15,1
1,165,70,8,38,12,1
1,176,39,8,92,68,0
1,179,33,7,55,52,1
2,200,86,5,37,59,1
1,149,35,2,56,86,1
1,169,90,7,20,56,1
1,179,40,5,67,19,1
1,185,57,2,20,97,1
2,152,95,5,84,31,1
2,150,33,8,73,45,1
2,151,38,9,21,95,1
1,146,61,4,62,92,0
2,168,56,3,57,43,1
1,150,61,5,96,14,1
1,161,57,2,18,40,1
2,150,68,9,24,79,1
2,165,77,5,96,22,1
2,148,68,3,34,51,1
2,196,88,4,56,62,1
1,154,44,10,44,49,1
1,173,92,2,17,62,1
1,195,92,4,10,34,1
1,167,42,1,7,3,1
2,183,79,3,19,93,1
2,184,96,3,24,7,1
2,192,56,2,22,96,1
1,173,54,10,5,87,1
1,154,50,1,97,58,1
1,198,84,6,61,15,1
2,153,64,7,67,47,1
2,171,63,8,76,67,0
2,170,97,8,20,17,1
2,140,45,1,16,42,1
2,177,59,5,5,86,1
1,166,88,10,27,46,1
1,199,44,4,47,20,1
1,169,36,7,15,97,1
1,169,70,5,27,19,1
1,182,56,5,21,64,1
2,142,40,5,23,67,1
1,168,41,3,85,22,1
1,165,69,2,57,68,1
1,168,52,9,84,96,0
2,190,93,7,62,82,0
2,164,74,5,82,55,1
1,172,55,3,30,13,1
2,185,44,10,85,39,1
2,142,64,8,7,3,1
2,157,74,9,79,78,0
1,161,66,3,81,69,0
1,173,44,7,48,18,1
2,142,65,3,87,57,1
1,168,53,2,89,37,1
2,190,60,10,35,21,1
2,143,74,7,31,16,1
1,169,99,7,33,6,1
2,146,61,7,81,70,0
1,143,51,4,87,53,1
2,170,40,1,96,34,1
2,182,43,2,90,82,0
1,189,51,9,52,87,1
2,169,39,5,59,82,1
1,194,62,8,98,21,1
1,159,96,2,45,85,1
1,193,71,2,98,43,1
1,197,66,3,11,37,1
2,165,32,6,83,31,1
1,153,78,6,64,22,1
2,151,66,1,37,55,1
2,142,62,10,11,11,1
1,171,62,10,82,81,0
1,172,89,3,60,90,0
2,195,82,1,49,15,1
1,146,34,9,98,27,1
1,170,69,8,26,74,1
2,164,58,7,72,41,1
1,198,46,1,72,96,0
2,189,42,9,83,54,1
1,184,36,7,91,60,0
2,172,60,2,37,54,1
2,196,77,5,100,45,1
1,141,89,8,41,24,1
1,149,80,6,20,28,1
1,182,86,5,54,70,1
2,191,79,2,86,54,1
2,147,54,8,50,70,1
2,140,48,8,63,63,0
1,164,33,9,43,55,1
1,171,54,1,25,13,1
1,157,36,4,52,13,1
1,173,44,9,37,82,1
2,163,38,4,27,47,1
1,147,35,4,52,68,1
1,189,67,4,87,86,0
1,142,68,5,62,35,1
1,185,71,2,36,10,1
1,183,83,4,53,41,1
2,200,64,10,64,36,1
1,161,59,1,92,98,0
1,179,60,10,47,72,1
1,193,51,8,34,67,1
2,192,79,9,84,32,1
1,200,46,3,88,79,0
1,199,67,9,48,50,1
1,199,78,8,57,9,1
1,152,93,5,23,33,1
1,190,49,8,8,94,1
2,187,97,5,30,11,1
1,166,61,1,27,38,1
1,200,49,5,31,56,1
1,191,92,2,74,72,0
1,179,44,8,59,95,1
1,192,61,1,92,96,0
2,152,68,9,37,48,1
2,160,40,3,96,2,1
1,193,63,2,82,3,1
2,191,35,6,51,94,1
2,186,100,4,43,1,1
2,152,92,10,71,7,1
1,181,44,10,71,37,1
1,156,85,4,24,20,1
1,149,36,3,35,73,1
1,180,63,7,93,57,1
2,200,42,2,57,17,1
2,192,62,2,18,16,1
2,167,33,2,22,62,1
1,156,46,7,67,78,0
2,187,34,1,85,36,1
1,146,51,2,45,2,1
1,152,80,4,95,43,1
1,173,53,1,20,47,1
2,176,58,4,100,44,1
1,185,76,9,91,22,1
1,161,74,3,94,97,0
2,169,84,6,50,100,1
1,178,62,5,48,22,1
2,199,30,9,55,50,1
2,192,68,3,51,35,1
2,147,43,6,76,80,0
1,155,93,9,20,58,1
2,146,89,4,48,68,1
1,182,71,8,6,9,1
1,181,33,4,64,26,1
1,178,31,7,38,80,1
2,176,52,5,12,94,1
2,170,81,4,38,85,1
2,173,91,3,95,51,1
2,171,58,1,30,84,1
2,184,30,7,4,12,1
1,151,75,5,29,65,1
1,156,52,5,38,18,1
2,188,91,6,37,64,1
2,176,73,10,28,8,1
2,160,38,6,6,24,1
1,147,55,2,75,19,1
2,157,68,3,90,8,1
2,164,36,8,36,51,1
2,161,63,5,42,56,1
1,143,33,9,66,17,1
2,198,64,9,59,35,1
1,200,92,6,11,75,1
2,184,64,5,1,25,1
2,159,50,9,60,81,0
1,146,98,6,89,78,0
1,155,44,3,96,26,1
2,175,39,8,97,18,1
2,177,47,5,8,86,1
1,164,94,5,79,22,1
1,196,68,2,34,74,1
1,176,42,8,12,48,1
1,170,33,9,93,53,1
1,160,94,3,60,87,0
2,173,36,2,55,50,1
2,187,83,2,84,26,1
2,200,40,4,94,22,1
2,191,98,3,100,63,0
2,198,75,5,51,29,1
1,200,30,8,52,5,1
2,170,67,7,24,22,1
2,150,55,3,41,19,1
1,190,83,6,19,8,1
1,169,69,1,14,23,1
2,141,95,4,57,33,1
1,197,33,9,3,50,1
2,171,88,6,58,70,1
1,187,51,8,45,97,1
1,187,97,2,68,76,0
2,170,45,9,78,40,1
1,159,50,1,48,48,1
1,142,95,10,31,30,1
1,179,81,7,11,99,1
1,200,76,8,65,22,1
2,175,45,5,71,97,0
1,167,72,7,77,34,1
1,193,92,5,69,75,0
1,164,94,8,50,74,1
1,194,68,9,88,30,1
2,151,81,4,62,73,0
1,169,96,4,42,5,1
2,187,77,10,19,2,1
1,193,80,2,70,22,1
2,195,93,10,43,25,1
2,197,30,1,2,85,1
1,200,75,3,68,60,0
1,148,51,7,24,48,1
2,191,64,3,64,30,1
1,157,97,8,54,88,1
1,150,89,6,62,45,1
2,175,68,2,100,36,1
2,142,61,10,66,78,0
2,172,98,8,39,94,1
2,197,73,5,20,60,1
2,141,86,4,100,7,1
2,195,93,5,56,53,1
1,168,80,6,29,81,1
1,193,81,2,50,98,1
2,178,80,6,77,63,0
2,156,50,7,3,89,1
1,172,67,5,98,56,1
2,177,45,4,21,27,1
1,144,96,10,40,31,1
2,165,67,9,28,8,1
2,162,39,8,12,26,1
1,181,60,5,25,38,1
1,146,83,1,52,47,1
2,144,38,7,44,34,1
2,150,54,6,98,69,0
2,200,96,5,51,52,1
2,141,63,7,76,92,0
1,148,58,6,100,52,1
2,148,58,1,63,50,1
2,153,61,7,56,57,1
1,145,67,7,39,19,1
2,180,93,5,82,11,1
1,177,40,10,50,62,1
2,184,99,10,16,64,1
1,190,55,6,79,97,0
2,155,94,9,45,82,1
1,191,96,2,48,65,1
2,148,76,4,13,35,1
1,149,71,1,53,3,1
2,175,66,5,93,97,0
2,171,68,7,16,84,1
1,168,81,3,61,83,0
1,171,51,2,34,22,1
2,152,62,3,19,91,1
1,175,60,10,55,17,1
2,194,76,6,4,30,1
1,161,57,4,68,13,1
1,153,70,7,80,73,0
1,193,89,1,71,22,1
1,154,54,9,38,93,1
2,162,30,1,82,6,1
2,160,78,4,43,24,1
2,192,56,2,16,26,1
1,186,38,6,4,49,1
2,199,73,7,7,13,1
2,166,65,1,56,7,1
2,158,72,8,14,94,1
1,181,48,4,79,88,0
1,188,59,9,60,6,1
1,148,33,2,98,77,0
2,175,82,10,7,41,1
2,155,98,4,89,68,0
2,140,96,4,14,67,1
1,164,44,4,13,65,1
1,171,99,5,54,11,1
1,178,83,1,23,80,1
1,170,39,9,38,78,1
1,190,46,2,50,25,1
1,195,70,9,67,32,1
1,177,37,10,92,37,1
1,169,99,6,86,11,1
2,175,63,6,5,77,1
2,163,47,2,12,73,1
2,152,52,3,8,60,1
1,168,38,6,76,10,1
1,200,35,1,72,46,1
2,179,65,4,74,69,0
2,141,43,7,50,11,1
2,187,82,5,18,86,1
2,192,36,9,91,97,0
1,142,48,5,16,39,1
1,164,91,7,4,40,1
2,190,53,8,29,97,1
1,167,43,1,94,44,1
2,155,77,4,72,96,0
1,162,42,7,39,59,1
1,157,98,5,50,46,1
2,171,94,9,34,91,1
2,155,74,8,70,78,0
1,165,64,5,49,33,1
2,192,62,1,23,97,1
2,164,31,2,46,32,1
1,189,31,7,84,40,1
2,142,99,4,59,97,1
2,198,44,8,13,87,1
1,174,52,2,90,34,1
2,152,55,1,82,87,0
1,150,61,1,44,12,1
2,143,76,6,31,56,1
1,146,34,7,36,97,1
1,149,45,9,80,72,0
1,148,95,1,70,33,1
2,200,45,8,100,64,0
2,150,61,2,75,3,1
1,194,39,10,44,69,1
2,177,55,3,67,82,0
1,187,47,2,45,92,1
1,177,61,8,56,99,1
2,169,50,9,86,7,1
2,165,80,9,14,72,1
1,161,85,8,3,95,1
2,145,52,4,91,92,0
1,146,91,4,21,19,1
1,184,66,5,2,88,1
2,178,35,2,57,50,1
2,143,74,10,74,10,1
2,193,91,6,9,19,1
1,173,50,7,80,76,0
1,188,30,2,33,97,1
1,199,94,1,71,81,0
1,200,86,1,13,69,1
2,200,44,2,88,21,1
2,188,52,1,52,39,1
1,178,68,8,46,100,1
1,145,35,9,79,82,0
1,168,55,5,70,44,1
2,158,65,4,63,51,1
2,183,82,2,18,96,1
2,195,79,8,87,90,0
1,169,36,9,8,46,1
2,182,44,5,80,96,0
2,154,55,6,9,98,1
1,155,41,10,45,28,1
2,173,60,10,89,56,1
1,168,70,6,11,1,1
2,150,37,9,19,41,1
1,160,98,1,10,54,1
1,174,74,6,59,7,1
1,172,83,5,39,80,1
2,196,95,5,73,33,1
1,175,36,2,45,67,1
1,171,45,2,20,62,1
2,189,63,1,44,60,1
1,185,38,8,41,4,1
2,170,100,3,84,16,1
2,186,57,8,4,70,1
2,152,32,8,1,10,1
1,149,64,6,60,39,1
1,154,49,7,7,47,1
2,155,37,1,81,73,0
2,200,72,3,36,21,1
1,140,40,10,46,63,1
2,166,45,2,56,40,1
1,182,31,1,71,5,1
1,178,39,7,43,12,1
2,187,62,10,36,17,1
1,157,75,2,44,46,1
2,167,82,9,6,61,1
2,188,95,7,73,61,0
2,198,99,9,66,66,0
2,168,84,8,89,74,0
2,183,84,9,35,40,1
2,144,71,9,10,53,1
2,183,37,10,41,57,1
1,168,71,10,83,31,1
1,191,31,9,14,85,1
2,157,46,2,16,78,1
1,163,99,7,88,49,1
1,153,74,4,80,24,1
1,185,93,8,57,92,1
2,192,57,6,100,28,1
2,178,92,3,70,71,0
2,141,55,5,87,16,1
2,160,86,4,28,97,1
2,154,53,1,62,65,0
1,166,39,8,89,85,0
2,182,40,1,4,84,1
2,178,50,10,100,70,0
2,187,41,5,95,31,1
2,167,66,1,19,22,1
1,159,54,5,46,20,1
2,197,60,9,8,63,1
2,162,47,9,78,54,1
2,157,66,1,32,20,1
1,153,87,7,27,15,1
1,199,45,3,98,67,0
2,173,77,2,50,64,1
1,193,70,1,13,55,1
1,174,38,4,78,36,1
1,159,43,4,100,46,1
2,163,88,5,27,86,1
2,166,80,8,41,64,1
1,188,75,8,19,55,1
1,199,55,4,46,76,1
2,168,75,10,67,24,1
1,149,86,9,85,14,1
2,190,77,4,23,95,1
1,189,67,2,24,72,1
1,174,49,4,62,55,1
2,191,49,2,80,64,0
1,172,63,8,77,36,1
2,174,99,3,45,34,1
1,191,59,1,83,59,1
2,174,40,6,46,34,1
2,182,46,9,98,41,1
1,186,77,4,30,32,1
1,162,73,5,26,19,1
2,172,38,9,91,30,1
2,173,63,6,76,98,0
2,176,63,2,81,13,1
1,157,78,8,61,58,1
2,184,76,5,27,95,1
1,198,39,7,70,60,0
1,168,51,7,69,94,0
1,176,42,8,9,96,1
2,179,81,9,38,11,1
1,173,34,3,51,27,1
1,163,79,3,94,66,0
2,185,54,2,79,26,1
2,188,76,9,50,15,1
1,179,42,10,65,79,0
2,161,52,3,80,70,0
1,142,87,8,100,98,0
1,180,38,6,29,49,1
2,178,52,8,54,47,1
2,162,50,3,21,100,1
2,177,37,10,32,11,1
2,198,30,3,67,21,1
1,181,45,6,60,89,0
1,190,32,2,91,31,1
2,148,80,9,62,88,0
1,183,55,4,88,34,1
1,171,44,7,11,13,1
1,165,76,10,36,12,1
2,182,36,10,29,82,1
1,197,30,3,85,78,0
1,161,70,4,62,10,1
2,162,82,1,32,33,1
1,180,35,7,10,17,1
1,170,72,6,28,73,1
1,153,70,2,95,35,1
2,143,61,8,65,18,1
1,174,38,6,83,60,0
2,180,85,9,64,80,0
2,164,91,1,31,56,1
2,192,76,7,28,39,1
1,172,77,4,99,42,1
2,147,63,8,84,60,0
1,153,39,7,10,25,1
1,193,65,4,26,94,1
1,160,52,5,12,48,1
2,198,31,8,25,92,1
1,170,77,8,19,17,1
1,168,79,3,27,51,1
1,176,32,2,16,1,1
2,140,69,7,48,26,1
1,178,66,6,33,7,1
2,173,77,9,73,42,1
1,171,43,7,61,49,1
2,187,70,5,78,97,0
2,183,49,1,35,82,1
2,145,74,2,39,8,1
2,179,35,6,94,94,0
1,147,67,1,96,87,0
2,193,44,10,78,89,0
1,186,93,6,20,78,1
1,175,47,3,28,46,1
1,184,61,10,68,59,1
1,189,88,9,35,21,1
1,175,100,1,16,59,1
2,192,73,3,67,62,0
2,177,62,6,6,94,1
1,168,71,9,62,99,0
2,161,51,3,51,63,1
1,196,54,1,5,71,1
2,156,43,3,94,48,1
2,158,92,4,96,24,1
1,171,39,10,44,88,1
1,192,82,3,24,21,1
2,166,58,5,1,37,1
2,145,61,1,30,47,1
1,147,78,5,46,86,1
1,140,54,8,22,93,1
2,159,73,4,67,40,1
2,149,36,3,44,69,1
2,158,99,8,40,11,1
2,159,46,10,74,78,0
1,193,91,6,40,78,1
1,192,65,7,35,91,1
1,189,39,10,46,11,1
1,200,56,3,21,62,1
2,190,56,4,75,24,1
1,192,88,10,47,67,1
1,144,94,5,58,83,1
1,190,46,6,70,82,0
1,159,33,7,83,12,1
2,183,79,5,66,11,1
1,194,79,4,28,19,1
1,149,41,3,55,86,1
1,176,57,10,44,15,1
2,153,49,10,2,71,1
2,161,71,7,96,50,1
1,163,98,2,31,24,1
2,173,65,1,50,18,1
2,166,52,3,7,96,1
1,179,41,2,40,79,1
2,197,53,10,86,50,1
1,188,46,3,35,12,1
2,197,46,7,55,54,1
2,160,33,5,23,1,1
2,198,54,10,26,32,1
1,148,31,2,68,54,1
2,200,59,2,34,33,1
1,181,85,4,93,91,0
1,198,57,5,36,17,1
1,198,83,8,30,15,1
2,180,45,2,13,54,1
2,145,87,6,30,16,1
1,180,31,10,46,100,1
1,143,65,4,95,26,1
2,162,62,10,47,54,1
1,147,78,8,65,39,1
2,192,45,5,98,92,0
2,148,71,4,23,40,1
2,150,77,2,39,80,1
1,154,92,2,34,50,1
1,161,72,3,91,62,0
1,160,92,7,47,17,1
1,183,84,4,85,7,1
1,151,70,5,62,99,0
1,176,98,8,29,58,1
2,153,50,8,59,57,1
1,165,85,1,6,11,1
2,159,77,9,87,24,1
2,172,34,9,18,61,1
1,195,89,5,11,87,1
1,155,40,2,98,44,1
2,161,68,9,26,45,1
1,183,95,9,11,12,1
2,145,81,5,19,45,1
1,168,69,8,52,80,1
1,183,70,3,80,6,1
2,148,52,9,30,81,1
1,196,58,5,40,82,1
1,180,66,1,52,26,1
1,151,74,7,63,62,0
1,177,78,9,24,88,1
1,170,82,1,41,39,1
1,195,72,4,66,100,0
1,197,96,7,25,29,1
1,160,80,2,84,62,0
1,160,44,7,25,20,1
1,161,64,2,24,36,1
2,167,40,3,26,18,1
2,188,55,4,41,98,1
2,150,96,7,48,47,1
1,149,40,6,8,29,1
1,156,53,3,18,14,1
1,174,77,9,62,48,1
2,173,65,1,67,36,1
1,160,36,4,96,53,1
2,141,32,2,19,43,1
2,153,39,3,6,75,1
1,184,87,7,12,72,1
2,189,30,6,61,97,0
2,184,30,9,75,25,1
1,181,95,8,2,10,1
2,158,34,10,31,45,1
2,170,32,3,32,13,1
1,158,56,5,28,26,1
1,144,92,1,50,59,1
2,189,45,6,59,84,1
1,188,69,2,69,46,1
2,154,76,5,88,95,0
2,159,92,7,28,77,1
1,148,50,6,15,80,1
2,195,86,8,30,88,1
2,169,37,5,95,72,0
2,142,77,8,56,76,1
1,164,91,7,89,11,1
2,175,40,6,26,4,1
2,167,61,8,99,93,0
1,191,69,4,20,71,1
1,200,69,4,23,73,1
2,154,48,9,100,20,1
2,159,87,7,22,72,1
2,143,61,5,46,36,1
1,184,81,9,13,48,1
2,156,64,1,13,95,1
2,190,83,9,54,93,1
2,179,48,5,81,87,0
2,166,93,8,47,33,1
2,159,59,6,20,64,1
2,167,50,3,37,78,1
2,190,83,2,33,1,1
2,153,91,4,64,78,0
2,181,47,10,53,37,1
2,148,47,5,6,91,1
1,190,75,2,79,35,1
1,163,55,10,1,91,1
1,176,40,10,80,4,1
2,161,65,9,31,75,1
2,164,94,9,26,17,1
1,160,99,4,56,99,1
1,177,44,1,65,88,0
1,188,36,5,66,98,0
2,177,83,5,49,74,1
1,152,87,10,13,83,1
1,141,41,2,28,40,1
2,159,42,3,61,24,1
1,164,74,2,69,29,1
1,179,36,1,27,55,1
2,175,35,2,44,36,1
1,177,79,6,3,86,1
1,141,48,4,59,29,1
1,171,88,9,29,61,1
1,185,99,1,21,81,1
2,184,54,10,18,45,1
1,164,49,5,91,98,0
1,161,55,7,83,25,1
2,144,34,2,97,69,0
2,170,61,1,41,100,1
1,199,67,3,83,46,1
1,172,54,9,2,27,1
2,177,30,4,29,3,1
1,197,76,10,100,62,0
2,193,52,6,22,44,1
1,146,40,5,83,47,1
2,200,51,1,30,29,1
1,149,49,10,25,76,1
1,144,47,6,57,25,1
2,191,67,10,14,93,1
1,156,84,7,12,64,1
1,140,42,4,67,5,1
1,171,96,7,56,15,1
2,175,67,4,75,53,1
1,145,33,8,67,8,1
1,192,99,5,95,67,0
2,173,57,5,89,21,1
2,165,70,3,38,57,1
2,193,73,8,65,82,0
1,143,90,2,75,59,1
1,200,94,7,29,29,1
2,155,70,5,90,11,1
1,157,45,8,38,55,1
1,195,64,8,72,8,1
2,146,96,7,15,64,1
1,192,87,4,85,10,1
1,140,86,10,55,83,1
2,188,32,5,59,7,1
1,165,63,10,62,92,0
2,193,87,7,95,33,1
1,149,90,2,23,62,1
2,177,34,9,91,92,0
1,182,90,4,22,49,1
1,185,71,6,17,57,1
2,175,93,5,75,90,0
1,174,52,8,3,19,1
2,188,53,9,60,7,1
2,153,45,10,98,26,1
2,176,77,7,29,65,1
2,147,67,1,27,92,1
1,156,43,3,97,87,0
1,187,30,1,1,10,1
2,175,88,3,53,49,1
1,196,91,1,47,59,1
2,172,59,8,74,90,0
1,188,88,4,15,15,1
1,180,39,6,1,24,1
1,141,93,4,64,87,0
2,163,79,7,94,40,1
1,181,56,1,62,20,1
1,155,56,7,10,12,1
1,159,81,8,37,8,1
2,194,59,10,59,14,1
2,163,96,7,30,38,1
2,179,66,1,9,5,1
2,187,90,7,89,91,0
1,150,70,2,39,75,1
1,148,71,1,37,11,1
2,144,74,10,83,7,1
1,191,60,9,44,100,1
2,187,51,3,73,15,1
1,168,72,8,41,54,1
1,152,91,8,54,15,1
2,173,85,10,54,14,1
1,160,41,3,9,77,1
2,199,34,9,31,66,1
2,140,85,5,94,12,1
1,177,33,5,81,37,1
2,147,72,4,88,26,1
2,150,45,1,51,68,1
1,177,41,1,19,47,1
2,200,56,9,16,92,1
1,174,100,7,53,27,1
2,146,79,6,23,44,1
2,186,62,2,74,87,0
1,186,38,9,92,18,1
2,184,86,10,83,15,1
1,181,43,3,19,1,1
2,152,36,1,46,11,1
2,194,38,10,3,72,1
2,188,99,4,47,48,1
1,186,74,8,65,84,0
1,154,80,10,20,56,1
1,199,68,6,90,95,0
2,191,90,9,81,23,1
1,158,80,4,100,60,0
1,185,33,7,97,8,1
1,181,34,5,64,34,1
2,198,35,10,47,72,1
1,154,96,4,59,79,1
2,196,53,10,80,49,1
1,171,89,10,84,55,1
2,186,45,8,47,38,1
2,199,55,1,78,48,1
2,140,42,7,90,82,0
2,148,67,8,39,56,1
1,191,39,8,50,3,1
2,191,66,10,11,32,1
1,184,99,10,92,92,0
1,141,88,7,64,93,0
2,143,52,7,49,46,1
2,153,69,6,45,19,1
1,200,33,3,60,43,1
2,161,57,1,77,99,0
1,142,61,4,92,67,0
1,185,37,8,57,23,1
1,182,84,2,27,27,1
1,163,32,4,49,20,1
2,195,33,4,2,72,1
2,149,80,3,39,77,1
2,150,70,4,70,40,1
2,167,65,7,25,67,1
2,193,76,10,48,49,1
1,143,36,5,19,3,1
1,155,33,6,86,72,0
2,161,51,2,55,23,1
2,182,56,10,5,6,1
1,199,31,7,3,17,1
1,158,50,3,80,43,1
2,182,99,1,95,95,0
1,157,34,1,22,88,1
1,183,75,7,5,98,1
2,173,62,3,88,17,1
1,162,78,1,31,48,1
2,194,60,2,27,18,1
1,185,74,1,50,58,1
2,153,45,10,5,36,1
2,141,32,7,16,81,1
2,188,39,4,35,39,1
2,179,97,7,96,64,0
2,148,61,2,15,8,1
2,182,81,7,43,19,1
1,186,60,4,77,24,1
2,171,86,7,62,16,1
2,143,89,4,26,41,1
1,199,41,7,92,84,0
2,188,31,10,53,65,1
1,145,57,5,34,86,1
2,192,36,10,60,44,1
1,188,65,9,62,42,1
2,143,51,8,32,94,1
1,200,94,5,69,36,1
2,166,30,10,73,39,1
1,158,59,1,74,21,1
1,153,89,4,62,57,1
1,150,50,8,85,2,1
1,153,31,1,40,79,1
2,144,78,6,5,57,1
1,184,76,10,78,59,1
1,170,68,1,62,87,0
1,165,57,3,69,99,0
1,141,34,5,54,69,1
1,177,84,5,76,42,1
2,153,51,7,11,76,1
1,153,92,10,37,55,1
1,192,37,6,47,3,1
2,177,93,9,19,98,1
1,152,50,3,44,45,1
1,165,99,5,28,86,1
2,148,33,10,51,43,1
2,141,78,8,21,70,1
2,191,42,5,43,81,1
2,159,86,9,27,7,1
1,167,54,7,73,35,1
1,179,75,2,61,87,0
2,159,33,1,91,38,1
1,180,91,10,57,30,1
1,193,40,7,65,50,1
2,157,84,6,63,40,1
2,150,54,10,87,42,1
1,158,44,8,62,67,0
1,144,41,2,56,58,1
1,193,93,10,67,63,0
2,143,55,7,49,26,1
1,144,32,1,4,76,1
2,200,63,5,60,39,1
2,152,86,4,62,85,0
1,148,67,7,86,1,1
2,161,68,2,60,31,1
1,169,69,4,99,52,1
2,170,81,3,62,93,0
1,142,33,7,91,61,0
1,178,88,3,3,37,1
2,169,56,3,50,75,1
1,186,46,4,19,10,1
2,164,44,8,45,57,1
2,153,36,8,50,18,1
1,142,37,2,69,57,1
2,157,58,1,20,79,1
2,166,37,3,14,44,1
2,180,52,9,44,54,1
1,158,86,5,33,71,1
2,188,91,3,45,64,1
2,148,66,5,39,83,1
2,155,40,10,93,82,0
2,143,44,2,72,97,0
1,164,70,10,44,83,1
2,162,79,2,24,23,1
2,186,60,8,20,89,1
1,198,42,6,3,22,1
2,173,63,8,97,11,1
1,191,61,9,35,22,1
1,195,73,6,97,4,1
2,142,36,8,93,13,1
2,187,69,4,63,78,0
1,146,53,4,43,85,1
1,162,58,4,90,55,1
1,184,48,1,93,90,0
2,159,99,8,51,22,1
2,151,48,7,98,19,1
2,157,64,4,100,7,1
2,190,53,1,51,31,1
1,197,93,7,43,50,1
2,167,35,3,3,36,1
1,153,92,6,83,82,0
1,183,81,8,90,47,1
1,173,78,6,11,77,1
2,192,78,4,5,42,1
1,199,72,7,32,19,1
2,185,57,8,18,8,1
1,141,59,7,9,45,1
2,161,74,10,92,40,1
1,187,59,5,83,17,1
1,163,66,3,41,5,1
2,188,66,3,72,81,0
2,149,33,1,49,98,1
2,196,60,4,20,52,1
1,151,55,5,27,36,1
2,162,50,1,85,71,0
2,192,80,10,100,1,1
1,152,59,5,79,11,1
2,191,36,10,99,95,0
1,192,88,6,33,19,1
2,171,60,6,9,85,1
1,165,67,5,87,52,1
1,188,50,1,25,85,1
1,196,89,9,40,3,1
1,177,82,2,28,53,1
1,150,66,6,94,57,1
2,191,94,9,92,30,1
1,163,47,10,51,35,1
1,143,64,4,46,20,1
2,149,64,9,78,38,1
1,141,77,2,3,82,1
1,145,98,2,75,46,1
1,151,70,4,81,74,0
2,148,46,4,88,80,0
2,158,40,5,82,5,1
2,187,50,5,93,43,1
1,140,66,4,55,33,1
2,178,69,10,32,27,1
1,149,76,2,86,86,0
1,144,87,6,32,38,1
2,184,38,5,23,90,1
1,147,99,1,90,29,1
2,196,84,10,85,29,1
1,163,45,8,49,13,1
1,196,87,5,18,22,1
1,176,43,8,60,89,0
2,166,79,2,9,25,1
1,181,39,6,87,49,1
2,161,91,4,74,2,1
1,178,31,8,91,81,0
2,141,53,6,50,8,1
2,167,100,6,63,86,0
2,165,54,9,65,40,1
2,175,72,9,3,47,1
1,163,38,3,16,7,1
1,152,88,7,15,45,1
2,145,66,1,42,42,1
1,188,89,1,41,3,1
1,192,44,1,10,57,1
1,176,35,1,37,72,1
2,173,71,7,44,60,1
1,173,94,2,18,64,1
2,140,31,8,2,9,1
1,162,56,1,99,50,1
1,154,79,6,34,12,1
1,179,93,2,90,15,1
1,176,73,10,78,81,0
1,178,60,4,88,81,0
2,141,85,2,82,55,1
1,173,76,2,25,8,1
1,198,99,7,96,24,1
2,190,79,9,94,18,1
1,162,92,5,70,50,1
2,191,79,5,9,35,1
1,156,48,1,76,65,0
1,170,60,2,46,72,1
1,160,42,4,100,28,1
1,194,69,3,20,94,1
2,194,78,7,29,87,1
2,159,84,8,25,55,1
1,186,45,8,43,43,1
2,157,87,1,77,90,0
1,141,84,6,65,100,0
1,143,74,1,58,82,1
2,173,48,8,2,50,1
1,159,71,7,52,48,1
2,165,53,9,27,33,1
2,150,91,2,91,55,1
1,152,64,9,99,97,0
1,143,81,5,22,71,1
2,173,47,10,59,90,1
2,181,55,1,56,20,1
1,164,78,10,2,51,1
2,142,70,7,24,58,1
1,143,58,2,43,59,1
2,175,36,10,30,3,1
1,143,52,6,34,98,1
1,154,67,4,65,16,1
1,173,95,1,59,24,1
1,164,94,8,40,63,1
1,194,69,4,92,82,0
2,149,69,7,94,47,1
2,176,60,1,14,74,1
2,174,36,4,15,25,1
2,197,58,3,50,60,1
1,199,93,8,100,60,0
2,166,44,8,17,6,1
1,191,44,3,10,55,1
1,168,94,3,38,38,1
2,147,41,9,98,34,1
2,146,47,10,38,55,1
2,144,83,10,34,69,1
2,196,39,1,80,41,1
2,187,30,2,77,85,0
1,147,61,9,6,26,1
2,182,93,9,28,53,1
2,158,84,5,86,13,1
2,169,86,4,6,79,1
1,162,37,7,9,51,1
2,140,32,3,28,44,1
2,140,95,8,58,79,1
2,184,91,10,29,74,1
2,179,96,3,53,15,1
1,155,99,4,83,30,1
1,142,80,5,85,79,0
2,185,95,9,8,72,1
1,200,40,7,60,18,1
2,162,99,5,17,42,1
1,145,40,4,60,42,1
1,187,83,2,57,51,1
1,198,61,4,44,33,1
2,161,30,9,17,65,1
1,141,79,3,48,20,1
2,193,32,4,16,12,1
1,182,76,3,21,67,1
1,186,54,6,25,41,1
1,199,46,9,95,100,0
1,149,88,5,66,36,1
1,164,51,1,10,100,1
1,180,72,10,50,35,1
2,197,56,9,7,32,1
2,175,45,9,53,34,1
2,174,78,6,10,62,1
2,161,68,2,51,39,1
2,158,33,3,13,7,1
2,170,76,6,7,82,1
1,142,73,8,87,50,1
1,153,39,2,14,48,1
1,192,71,5,50,65,1
2,171,31,8,71,96,0
1,165,97,5,44,76,1
2,143,63,9,51,100,1
2,182,73,5,39,43,1
2,168,44,9,83,92,0
1,187,34,6,11,69,1
1,179,99,6,5,38,1
2,146,36,4,57,87,1
2,163,96,9,24,87,1
2,163,34,4,37,5,1
1,159,32,2,33,73,1
2,191,97,6,24,88,1
1,160,82,9,92,62,0
2,177,68,3,40,40,1
2,157,50,3,50,28,1
1,151,58,6,89,51,1
1,173,32,7,41,23,1
2,164,46,4,11,55,1
2,148,75,6,85,64,0
2,147,76,2,36,60,1
1,172,40,9,90,18,1
1,169,63,3,81,26,1
2,178,78,4,98,61,0
2,167,49,4,9,33,1
2,185,59,5,70,35,1
1,157,48,3,19,94,1
1,181,74,7,67,69,0
1,188,80,2,44,9,1
1,163,100,9,99,18,1
1,155,100,9,80,86,0
2,169,69,3,77,5,1
2,168,74,5,71,48,1
1,157,89,9,59,59,1
2,160,33,6,31,7,1
2,168,93,9,63,36,1
2,143,94,10,62,50,1
1,154,48,8,56,91,1
2,183,37,1,44,48,1
2,149,56,4,57,22,1
2,181,65,2,4,17,1
2,156,98,8,62,7,1
2,168,49,3,18,23,1
1,192,52,5,8,99,1
2,198,69,4,12,72,1
2,198,47,5,82,100,0
2,151,54,7,62,88,0
1,180,70,2,89,35,1
2,188,55,6,53,22,1
1,191,46,10,16,42,1
2,192,52,9,35,80,1
1,162,61,6,1,26,1
1,163,32,6,3,9,1
2,159,98,10,3,51,1
1,152,77,1,43,47,1
1,161,82,1,37,49,1
2,168,73,2,75,2,1
2,195,79,3,68,58,1
1,156,42,9,35,56,1
2,190,47,3,29,88,1
2,142,65,5,100,67,0
1,156,84,5,97,87,0
1,156,76,5,74,98,0
1,175,41,6,96,16,1
2,145,56,7,71,33,1
1,150,54,4,61,24,1
1,190,48,8,25,67,1
1,149,65,1,80,24,1
1,144,52,7,99,91,0
2,150,58,1,6,21,1
2,176,65,4,4,80,1
2,184,91,8,88,76,0
1,182,35,5,49,46,1
1,158,97,2,48,84,1
1,164,33,2,3,1,1
1,140,87,8,83,19,1
2,147,64,7,14,31,1
2,178,70,2,54,41,1
2,192,32,2,14,24,1
1,179,36,1,69,24,1
1,186,95,4,88,38,1
1,140,61,1,87,8,1
1,166,46,5,84,27,1
1,156,72,8,91,69,0
1,143,68,3,53,29,1
1,154,77,8,22,31,1
1,150,74,9,58,8,1
1,183,92,5,44,16,1
1,178,70,9,43,27,1
2,188,100,1,93,25,1
1,178,62,2,72,80,0
2,154,35,8,76,56,1
2,143,96,2,43,67,1
1,192,76,7,51,12,1
2,185,58,3,63,50,1
1,165,60,6,3,79,1
1,185,43,5,33,72,1
1,199,42,6,94,82,0
2,143,92,6,73,6,1
2,154,98,2,26,50,1
1,187,71,9,63,46,1
2,145,62,6,78,35,1
1,193,59,2,29,25,1
1,186,75,5,100,22,1
2,175,75,7,72,26,1
2,141,42,1,59,31,1
2,181,96,2,56,14,1
2,150,36,10,60,45,1
2,165,52,6,41,36,1
1,145,49,7,64,28,1
2,179,96,10,21,67,1
2,187,41,3,65,83,0
2,150,97,6,75,96,0
2,149,84,9,87,91,0
1,187,98,9,1,32,1
2,185,39,1,79,15,1
1,151,95,9,69,63,0
1,160,47,4,63,81,0
2,189,73,4,70,2,1
1,190,49,10,48,53,1
2,196,99,9,65,85,0
1,183,94,4,56,68,1
2,147,75,8,86,37,1
1,141,70,7,88,43,1
1,196,77,1,6,41,1
2,161,99,2,32,60,1
2,177,75,1,3,95,1
2,155,96,10,12,80,1
1,189,59,10,58,17,1
1,167,76,6,14,86,1
1,176,70,8,59,31,1
1,149,44,1,30,77,1
2,177,100,5,43,1,1
2,155,69,10,98,51,1
1,184,82,4,77,25,1
2,147,41,10,23,86,1
1,147,89,5,54,32,1
1,163,95,2,18,3,1
1,171,75,4,39,60,1
2,159,69,4,29,37,1
2,196,60,10,44,73,1
1,153,39,1,81,98,0
2,148,88,5,99,59,1
2,188,64,5,43,42,1
1,178,88,7,99,62,0
1,154,45,6,22,89,1
2,164,51,1,8,40,1
1,157,98,8,15,14,1
2,187,40,5,14,3,1
1,169,81,4,47,49,1
1,148,38,5,99,95,0
2,180,99,3,10,56,1
1,160,52,10,44,11,1
2,150,86,3,13,100,1
2,187,95,6,1,2,1
1,170,86,10,74,7,1
1,175,78,9,61,33,1
1,165,77,1,57,74,1
2,152,52,8,36,46,1
2,189,35,3,44,7,1
2,187,31,3,2,66,1
1,174,54,4,31,87,1
1,156,76,8,69,45,1
2,185,36,8,64,41,1
1,147,47,1,50,10,1
1,196,87,10,31,1,1
2,152,54,5,44,51,1
1,191,61,6,1,30,1
1,159,82,7,71,42,1
2,196,95,10,88,45,1
2,181,54,1,13,29,1
1,147,66,9,82,3,1
2,187,35,6,41,30,1
2,147,42,7,66,39,1
1,168,45,5,77,32,1
2,159,93,4,15,15,1
2,178,63,7,57,89,1
1,174,74,4,48,25,1
2,149,98,5,34,61,1
1,183,51,1,37,29,1
2,170,91,9,92,85,0
1,158,79,4,40,63,1
2,184,86,8,16,17,1
2,145,65,6,97,88,0
1,170,91,5,24,33,1
2,188,31,7,53,74,1
1,145,51,2,87,50,1
2,153,63,2,69,47,1
2,199,72,2,85,21,1
1,181,54,5,99,20,1
1,170,83,6,22,10,1
2,145,70,9,57,49,1
1,140,91,5,92,31,1
1,175,54,8,27,11,1
2,155,33,8,79,98,0
2,193,30,4,50,40,1
1,185,64,2,29,25,1
2,181,36,1,52,17,1
2,140,61,8,89,93,0
1,163,74,9,9,35,1
2,190,73,3,59,63,1
1,193,63,6,36,20,1
1,195,60,6,88,32,1
1,162,67,7,76,25,1
2,165,75,6,19,70,1
1,178,93,5,59,43,1
1,183,64,4,55,64,1
1,200,84,5,33,15,1
1,175,45,7,31,17,1
1,165,50,1,72,70,0
2,184,92,2,71,1,1
2,172,58,8,6,29,1
1,143,30,10,96,68,0
1,164,83,5,65,52,1
1,186,69,5,38,51,1
2,160,77,5,53,91,1
2,191,87,1,4,66,1
1,171,36,8,11,85,1
1,192,65,2,35,45,1
2,141,77,3,76,8,1
2,141,59,7,59,61,1
2,170,34,3,98,85,0
2,177,95,6,100,5,1
1,192,55,1,43,85,1
1,141,55,4,55,67,1
1,170,38,6,24,29,1
1,175,88,3,7,37,1
1,141,55,8,55,15,1
2,152,38,5,4,75,1
1,163,64,4,6,48,1
1,176,62,4,17,6,1
1,162,70,4,41,70,1
1,156,99,1,85,79,0
1,150,82,6,42,72,1
2,200,57,6,35,23,1
1,146,87,8,87,56,1
1,176,68,9,55,18,1
2,140,46,3,94,75,0
2,155,37,8,82,35,1
2,185,71,7,57,19,1
2,149,64,8,33,51,1
1,142,73,7,50,29,1
2,149,48,4,43,55,1
1,141,61,8,5,82,1
2,179,35,3,89,8,1
2,151,80,2,79,9,1
2,196,76,4,83,68,0
1,193,91,7,78,39,1
1,175,89,5,16,78,1
1,158,34,2,2,12,1
1,195,85,5,87,74,0
2,179,64,7,50,97,1
2,149,80,5,97,14,1
1,194,51,3,71,22,1
2,172,93,10,36,21,1
2,176,87,1,87,5,1
1,178,87,8,42,43,1
1,187,56,7,3,34,1
1,175,81,2,57,36,1
1,152,36,6,79,67,0
2,141,64,5,68,88,0
1,143,68,4,26,8,1
1,150,72,8,66,35,1
2,163,52,4,70,23,1
1,152,91,1,34,69,1
1,198,70,2,8,29,1
1,190,76,10,69,29,1
1,145,89,8,12,91,1
2,167,96,10,31,98,1
2,156,65,1,84,20,1
1,197,71,3,43,84,1
2,151,51,8,73,63,0
2,140,81,8,79,40,1
1,167,33,10,50,78,1
1,170,51,2,2,6,1
1,145,91,8,5,33,1
2,163,35,9,11,63,1
1,182,71,3,70,65,0
2,197,57,8,47,47,1
1,181,51,7,71,66,0
1,152,66,3,42,11,1
2,180,99,5,8,41,1
2,162,69,3,16,72,1
2,192,80,9,55,42,1
2,195,68,6,55,13,1
1,146,59,5,89,6,1
1,171,36,10,55,52,1
2,144,92,7,4,63,1
2,178,72,2,98,90,0
1,184,46,4,73,63,0
2,141,47,10,92,87,0
1,163,87,9,53,56,1
1,151,93,5,96,21,1
2,183,87,7,14,6,1
1,191,60,8,44,60,1
2,151,84,5,30,86,1
2,165,33,5,16,46,1
2,177,58,1,77,9,1
2,148,34,4,53,99,1
1,152,93,7,38,93,1
1,167,66,6,35,29,1
1,173,46,5,87,74,0
1,186,69,1,16,93,1
2,141,92,4,75,89,0
1,178,76,10,26,94,1
1,174,79,4,30,61,1
2,164,79,10,66,98,0
2,182,72,8,60,89,0
2,166,35,2,29,16,1
1,166,85,3,74,78,0
2,190,80,2,68,85,0
